[
  {
      "Name": "Albania",
      "Description": "Known for its natural beauty, including mountains, beaches, and unique cultural heritage.",
      "Code": "EU-AL",
      "Capital": "Tirana",
      "Population": 2876591,
      "AreaKm2": 28748,
      "PhoneCode": "+355",
      "TLD": ".al",
      "Currency": "ALL"
  },
  {
      "Name": "Andorra",
      "Description": "A small landlocked country in the Pyrenees, known for its ski resorts and tax-free shopping.",
      "Code": "EU-AD",
      "Capital": "Andorra la Vella",
      "Population": 77281,
      "AreaKm2": 468,
      "PhoneCode": "+376",
      "TLD": ".ad",
      "Currency": "EUR"
  },
  {
      "Name": "Austria",
      "Description": "A landlocked country in Central Europe, famous for its alpine landscapes and rich cultural history.",
      "Code": "EU-AT",
      "Capital": "Vienna",
      "Population": 8823054,
      "AreaKm2": 83858,
      "PhoneCode": "+43",
      "TLD": ".at",
      "Currency": "EUR"
  },
  {
      "Name": "Belarus",
      "Description": "A landlocked country in Eastern Europe, known for its rich history, forests, and cultural heritage.",
      "Code": "EU-BY",
      "Capital": "Minsk",
      "Population": 9504700,
      "AreaKm2": 207560,
      "PhoneCode": "+375",
      "TLD": ".by",
      "Currency": "BYN"
  },
  {
      "Name": "Belgium",
      "Description": "A country in Western Europe, known for its medieval towns, Renaissance architecture, and chocolate.",
      "Code": "EU-BE",
      "Capital": "Brussels",
      "Population": 11358357,
      "AreaKm2": 30528,
      "PhoneCode": "+32",
      "TLD": ".be",
      "Currency": "EUR"
  },
  {
      "Name": "Bosnia and Herzegovina",
      "Description": "A country in Southeast Europe, known for its medieval villages, Ottoman influences, and natural beauty.",
      "Code": "EU-BA",
      "Capital": "Sarajevo",
      "Population": 3531159,
      "AreaKm2": 51129,
      "PhoneCode": "+387",
      "TLD": ".ba",
      "Currency": "BAM"
  },
  {
      "Name": "Bulgaria",
      "Description": "Known for its natural beauty, including mountains, beaches, and unique cultural heritage.",
      "Code": "EU-BG",
      "Capital": "Sofia",
      "Population": 7101859,
      "AreaKm2": 110910,
      "PhoneCode": "+359",
      "TLD": ".bg",
      "Currency": "BGN"
  },
  {
      "Name": "Croatia",
      "Description": "A country in Southeast Europe, known for its stunning coastline along the Adriatic Sea and historic cities.",
      "Code": "EU-HR",
      "Capital": "Zagreb",
      "Population": 3871833,
      "AreaKm2": 56594,
      "PhoneCode": "+385",
      "TLD": ".hr",
      "Currency": "HRK"
  },
  {
      "Name": "Cyprus",
      "Description": "An island country in the Eastern Mediterranean, known for its rich cultural heritage and beautiful beaches.",
      "Code": "EU-CY",
      "Capital": "Nicosia",
      "Population": 1170125,
      "AreaKm2": 9251,
      "PhoneCode": "+357",
      "TLD": ".cy",
      "Currency": "EUR"
  },
  {
      "Name": "Czech Republic",
      "Description": "A landlocked country in Central Europe, famous for its medieval towns, castles, and beer culture.",
      "Code": "EU-CZ",
      "Capital": "Prague",
      "Population": 10610947,
      "AreaKm2": 78866,
      "PhoneCode": "+420",
      "TLD": ".cz",
      "Currency": "CZK"
  },
  {
      "Name": "Denmark",
      "Description": "A Scandinavian country known for its Viking history, coastal beauty, and high standard of living.",
      "Code": "EU-DK",
      "Capital": "Copenhagen",
      "Population": 5748796,
      "AreaKm2": 43094,
      "PhoneCode": "+45",
      "TLD": ".dk",
      "Currency": "DKK"
  },
  {
      "Name": "Estonia",
      "Description": "A country in Northern Europe, known for its medieval architecture, digital innovation, and beautiful coastlines.",
      "Code": "EU-EE",
      "Capital": "Tallinn",
      "Population": 1328439,
      "AreaKm2": 45226,
      "PhoneCode": "+372",
      "TLD": ".ee",
      "Currency": "EUR"
  },
  {
      "Name": "Finland",
      "Description": "A Nordic country known for its stunning natural landscapes, lakes, forests, and high quality of life.",
      "Code": "EU-FI",
      "Capital": "Helsinki",
      "Population": 5509717,
      "AreaKm2": 338455,
      "PhoneCode": "+358",
      "TLD": ".fi",
      "Currency": "EUR"

  },
  {
      "Name": "France",
      "Description": "Famous for its rich history, art, and cuisine, including landmarks like the Eiffel Tower.",
      "Code": "EU-FR",
      "Capital": "Paris",
      "Population": 67348000,
      "AreaKm2": 547030,
      "PhoneCode": "+33",
      "TLD": ".fr",
      "Currency": "EUR"
  },
  {
      "Name": "Georgia",
      "Description": "A country in the Caucasus region, known for its diverse landscapes, ancient history, and unique language.",
      "Code": "EU-GE",
      "Capital": "Tbilisi",
      "Population": 3718200,
      "AreaKm2": 69700,
      "PhoneCode": "+995",
      "TLD": ".ge",
      "Currency": "GEL"
  },
  {
      "Name": "Germany",
      "Description": "The largest economy in Europe, known for its industrial power, cultural history, and landmarks like the Brandenburg Gate.",
      "Code": "EU-DE",
      "Capital": "Berlin",
      "Population": 82800000,
      "AreaKm2": 357168,
      "PhoneCode": "+49",
      "TLD": ".de",
      "Currency": "EUR"
  },
  {
      "Name": "Greece",
      "Description": "Known for its ancient history, Greece is home to landmarks like the Parthenon and beautiful islands like Santorini.",
      "Code": "EU-GR",
      "Capital": "Athens",
      "Population": 10297760,
      "AreaKm2": 131957,
      "PhoneCode": "+30",
      "TLD": ".gr",
      "Currency": "EUR"
  },
  {
      "Name": "Hungary",
      "Description": "A country in Central Europe, known for its beautiful cities like Budapest, and thermal baths.",
      "Code": "EU-HU",
      "Capital": "Budapest",
      "Population": 9797561,
      "AreaKm2": 93030,
      "PhoneCode": "+36",
      "TLD": ".hu",
      "Currency": "HUF"
  },
  {
      "Name": "Iceland",
      "Description": "An island country known for its volcanic landscapes, hot springs, and unique culture.",
      "Code": "EU-IS",
      "Capital": "Reykjavik",
      "Population": 350710,
      "AreaKm2": 103000,
      "PhoneCode": "+354",
      "TLD": ".is",
      "Currency": "ISK"
  },
  {
      "Name": "Ireland",
      "Description": "Known for its lush green landscapes, rich history, and cultural heritage, including folklore and music.",
      "Code": "EU-IE",
      "Capital": "Dublin",
      "Population": 4761865,
      "AreaKm2": 70273,
      "PhoneCode": "+353",
      "TLD": ".ie",
      "Currency": "EUR"
  },
  {
      "Name": "Italy",
      "Description": "Famous for its rich history, art, and cuisine, including landmarks like the Colosseum and the Leaning Tower of Pisa.",
      "Code": "EU-IT",
      "Capital": "Rome",
      "Population": 58968501,
      "AreaKm2": 301338,
      "PhoneCode": "+39",
      "TLD": ".it",
      "Currency": "EUR"
  },
  {
      "Name": "Latvia",
      "Description": "A small country in the Baltic region, known for its medieval architecture, forests, and Baltic Sea coastline.",
      "Code": "EU-LV",
      "Capital": "Riga",
      "Population": 1862700,
      "AreaKm2": 64589,
      "PhoneCode": "+371",
      "TLD": ".lv",
      "Currency": "EUR"
  },
  {
      "Name": "Liechtenstein",
      "Description": "A tiny principality in the Alps, known for its wealth, banking, and picturesque landscapes.",
      "Code": "EU-LI",
      "Capital": "Vaduz",
      "Population": 38111,
      "AreaKm2": 160,
      "PhoneCode": "+423",
      "TLD": ".li",
      "Currency": "CHF"
  },
  {
      "Name": "Lithuania",
      "Description": "One of the Baltic states, known for its historic cities, medieval architecture, and rich cultural heritage.",
      "Code": "EU-LT",
      "Capital": "Vilnius",
      "Population": 2800667,
      "AreaKm2": 65300,
      "PhoneCode": "+370",
      "TLD": ".lt",
      "Currency": "EUR"
  },
  {
      "Name": "Luxembourg",
      "Description": "A small, landlocked country, known for its wealth, medieval castles, and financial sector.",
      "Code": "EU-LU",
      "Capital": "Luxembourg City",
      "Population": 602005,
      "AreaKm2": 2586,
      "PhoneCode": "+352",
      "TLD": ".lu",
      "Currency": "EUR"

  },
  {
      "Name": "Malta",
      "Description": "An island nation in the Mediterranean, known for its history, stunning beaches, and ancient temples.",
      "Code": "EU-MT",
      "Capital": "Valletta",
      "Population": 445426,
      "AreaKm2": 316,
      "PhoneCode": "+356",
      "TLD": ".mt",
      "Currency": "EUR"
  },
  {
      "Name": "Moldova",
      "Description": "A landlocked country in Eastern Europe, known for its vineyards and Soviet-era history.",
      "Code": "EU-MD",
      "Capital": "Chisinau",
      "Population": 3434547,
      "AreaKm2": 33846,
      "PhoneCode": "+373",
      "TLD": ".md",
      "Currency": "MDL"
  },
  {
      "Name": "Monaco",
      "Description": "A tiny city-state on the Mediterranean, known for its luxurious lifestyle, casinos, and Formula 1 Grand Prix.",
      "Code": "EU-MC",
      "Capital": "Monaco",
      "Population": 38400,
      "AreaKm2": 2.02,
      "PhoneCode": "+377",
      "TLD": ".mc",
      "Currency": "EUR"
  },
  {
      "Name": "Montenegro",
      "Description": "A small Adriatic country, known for its rugged mountains, medieval villages, and stunning coastline.",
      "Code": "EU-ME",
      "Capital": "Podgorica",
      "Population": 642550,
      "AreaKm2": 13812,
      "PhoneCode": "+382",
      "TLD": ".me",
      "Currency": "EUR"
  },
  {
      "Name": "Netherlands",
      "Description": "Famous for its canals, windmills, tulips, and cycling culture.",
      "Code": "EU-NL",
      "Capital": "Amsterdam",
      "Population": 17134872,
      "AreaKm2": 41833,
      "PhoneCode": "+31",
      "TLD": ".nl",
      "Currency": "EUR"
  },
  {
      "Name": "North Macedonia",
      "Description": "A landlocked country in the Balkans, known for its rich history and stunning landscapes.",
      "Code": "EU-MK",
      "Capital": "Skopje",
      "Population": 2083459,
      "AreaKm2": 25713,
      "PhoneCode": "+389",
      "TLD": ".mk",
      "Currency": "MKD"
  },
  {
      "Name": "Norway",
      "Description": "A Nordic country known for its fjords, mountains, and coastal beauty.",
      "Code": "EU-NO",
      "Capital": "Oslo",
      "Population": 5380000,
      "AreaKm2": 148729,
      "PhoneCode": "+47",
      "TLD": ".no",
      "Currency": "NOK"
  },
  {
      "Name": "Poland",
      "Description": "Known for its medieval history, Warsaw s vibrant culture, and the Tatra Mountains.",
      "Code": "EU-PL",
      "Capital": "Warsaw",
      "Population": 38386000,
      "AreaKm2": 312696,
      "PhoneCode": "+48",
      "TLD": ".pl",
      "Currency": "PLN"
  },
  {
      "Name": "Portugal",
      "Description": "Famous for its historic cities, Atlantic beaches, and rich cultural heritage.",
      "Code": "EU-PT",
      "Capital": "Lisbon",
      "Population": 10305564,
      "AreaKm2": 92212,
      "PhoneCode": "+351",
      "TLD": ".pt",
      "Currency": "EUR"
  },
  {
      "Name": "Romania",
      "Description": "Known for its medieval castles, including Dracula s Castle, and the Carpathian Mountains.",
      "Code": "EU-RO",
      "Capital": "Bucharest",
      "Population": 19237691,
      "AreaKm2": 238397,
      "PhoneCode": "+40",
      "TLD": ".ro",
      "Currency": "RON"
  },
  {
      "Name": "San Marino",
      "Description": "One of the world s oldest republics, located in central Italy, known for its medieval architecture.",
      "Code": "EU-SM",
      "Capital": "San Marino",
      "Population": 33000,
      "AreaKm2": 61,
      "PhoneCode": "+378",
      "TLD": ".sm",
      "Currency": "EUR"
  },
  {
      "Name": "Serbia",
      "Description": "A landlocked country in Southeast Europe, known for its rich history and beautiful landscapes.",
      "Code": "EU-RS",
      "Capital": "Belgrade",
      "Population": 8737371,
      "AreaKm2": 88361,
      "PhoneCode": "+381",
      "TLD": ".rs",
      "Currency": "RSD"
  },
  {
      "Name": "Slovakia",
      "Description": "A landlocked country in Central Europe, known for its medieval towns, castles, and beautiful mountains.",
      "Code": "EU-SK",
      "Capital": "Bratislava",
      "Population": 5456362,
      "AreaKm2": 49037,
      "PhoneCode": "+421",
      "TLD": ".sk",
      "Currency": "EUR"
  },
  {
      "Name": "Slovenia",
      "Description": "Known for its alpine landscapes, lakes, and rich history, Slovenia is a hidden gem in Central Europe.",
      "Code": "EU-SI",
      "Capital": "Ljubljana",
      "Population": 2065876,
      "AreaKm2": 20273,
      "PhoneCode": "+386",
      "TLD": ".si",
      "Currency": "EUR"
  },
  {
      "Name": "Spain",
      "Description": "Famous for its cultural diversity, historical landmarks, and vibrant cities like Barcelona and Madrid.",
      "Code": "EU-ES",
      "Capital": "Madrid",
      "Population": 46719142,
      "AreaKm2": 505992,
      "PhoneCode": "+34",
      "TLD": ".es",
      "Currency": "EUR"
  },
  {
      "Name": "Sweden",
      "Description": "A Scandinavian country known for its high quality of life, innovation, and stunning natural landscapes.",
      "Code": "EU-SE",
      "Capital": "Stockholm",
      "Population": 10327589,
      "AreaKm2": 450295,
      "PhoneCode": "+46",
      "TLD": ".se",
      "Currency": "SEK"
  },
  {
      "Name": "Switzerland",
      "Description": "Famous for its neutral stance, beautiful Alps, and watches, Switzerland is a country of incredible natural beauty.",
      "Code": "EU-CH",
      "Capital": "Bern",
      "Population": 8584300,
      "AreaKm2": 41284,
      "PhoneCode": "+41",
      "TLD": ".ch",
      "Currency": "CHF"
  },
  {
      "Name": "Ukraine",
      "Description": "A large country in Eastern Europe known for its rich agricultural lands and historic cities like Kyiv.",
      "Code": "EU-UA",
      "Capital": "Kyiv",
      "Population": 41660000,
      "AreaKm2": 603550,
      "PhoneCode": "+380",
      "TLD": ".ua",
      "Currency": "UAH"
  },
  {
      "Name": "United Kingdom",
      "Description": "A country comprising England, Scotland, Wales, and Northern Ireland, known for its monarchy, history, and culture.",
      "Code": "EU-GB",
      "Capital": "London",
      "Population": 66834405,
      "AreaKm2": 243610,
      "PhoneCode": "+44",
      "TLD": ".uk",
      "Currency": "GBP"
  },
  {
      "Name": "Vatican City",
      "Description": "The world’s smallest country, located within Rome, Italy, and the center of the Catholic Church.",
      "Code": "EU-VA",
      "Capital": "Vatican City",
      "Population": 800,
      "AreaKm2": 0.44,
      "PhoneCode": "+379",
      "TLD": ".va",
      "Currency": "EUR"
  }
]